{"cameraMode":{"drawMode":0,"name":"Shaded","section":"Shading Mode"},"sceneLighting":false,"audioPlay":false,"sceneViewState":{"showFog":true,"showMaterialUpdate":false,"showSkybox":false,"showFlares":true,"showImageEffects":true,"showParticleSystems":true},"in2DMode":false,"pivot":{"x":-0.10684534907341004,"y":0.10796281695365906,"z":0.04790008068084717},"rotation":{"x":-0.215922012925148,"y":0.0386514775454998,"z":-0.008554444648325444,"w":-0.975607693195343},"size":0.38525301218032839,"orthographic":false}