{"cameraMode":{"drawMode":0,"name":"Shaded","section":"Shading Mode"},"sceneLighting":false,"audioPlay":false,"sceneViewState":{"showFog":true,"showMaterialUpdate":false,"showSkybox":false,"showFlares":true,"showImageEffects":true,"showParticleSystems":true},"in2DMode":false,"pivot":{"x":-0.7643361687660217,"y":0.023810721933841707,"z":0.35693034529685976},"rotation":{"x":-0.2843311131000519,"y":0.0020105314906686546,"z":-0.0005964399897493422,"w":-0.9587241411209106},"size":0.2769089341163635,"orthographic":false}