{"cameraMode":{"drawMode":0,"name":"Shaded","section":"Shading Mode"},"sceneLighting":false,"audioPlay":false,"sceneViewState":{"showFog":true,"showMaterialUpdate":false,"showSkybox":false,"showFlares":true,"showImageEffects":true,"showParticleSystems":true},"in2DMode":false,"pivot":{"x":0.0,"y":0.013866797089576722,"z":-0.16388773918151856},"rotation":{"x":-0.5589215755462647,"y":0.09208286553621292,"z":-0.06263434141874314,"w":-0.8217085599899292},"size":0.7378008961677551,"orthographic":false}