{"cameraMode":{"drawMode":0,"name":"Shaded","section":"Shading Mode"},"sceneLighting":true,"audioPlay":false,"sceneViewState":{"showFog":true,"showMaterialUpdate":false,"showSkybox":true,"showFlares":true,"showImageEffects":true,"showParticleSystems":true},"in2DMode":false,"pivot":{"x":-0.1729680299758911,"y":-0.08394813537597656,"z":-0.2178497016429901},"rotation":{"x":-0.6111992001533508,"y":-0.08221215754747391,"z":0.06404371559619904,"w":-0.7845863103866577},"size":0.8620006442070007,"orthographic":false}