{"cameraMode":{"drawMode":0,"name":"Shaded","section":"Shading Mode"},"sceneLighting":true,"audioPlay":false,"sceneViewState":{"showFog":true,"showMaterialUpdate":false,"showSkybox":true,"showFlares":true,"showImageEffects":true,"showParticleSystems":true},"in2DMode":false,"pivot":{"x":-0.399568110704422,"y":0.0998680591583252,"z":0.3262184262275696},"rotation":{"x":-0.5708150267601013,"y":0.10929076373577118,"z":-0.07700685411691666,"w":-0.8101211190223694},"size":0.8620006442070007,"orthographic":false}