{"cameraMode":{"drawMode":0,"name":"Shaded","section":"Shading Mode"},"sceneLighting":false,"audioPlay":false,"sceneViewState":{"showFog":true,"showMaterialUpdate":false,"showSkybox":false,"showFlares":true,"showImageEffects":true,"showParticleSystems":true},"in2DMode":false,"pivot":{"x":0.0,"y":0.4930000305175781,"z":1.7477692365646363},"rotation":{"x":-0.4801071882247925,"y":0.03865860402584076,"z":-0.021185150370001794,"w":-0.8761014938354492},"size":0.8838284015655518,"orthographic":false}