{"cameraMode":{"drawMode":0,"name":"Shaded","section":"Shading Mode"},"sceneLighting":false,"audioPlay":false,"sceneViewState":{"showFog":true,"showMaterialUpdate":false,"showSkybox":false,"showFlares":true,"showImageEffects":true,"showParticleSystems":true},"in2DMode":false,"pivot":{"x":0.05165674537420273,"y":0.3400000035762787,"z":1.7482500076293946},"rotation":{"x":0.019165104255080224,"y":-0.05037223920226097,"z":-0.0009667999111115933,"w":-0.9985470771789551},"size":0.27930229902267458,"orthographic":false}