{"cameraMode":{"drawMode":0,"name":"Shaded","section":"Shading Mode"},"sceneLighting":false,"audioPlay":false,"sceneViewState":{"showFog":true,"showMaterialUpdate":false,"showSkybox":false,"showFlares":true,"showImageEffects":true,"showParticleSystems":true},"in2DMode":false,"pivot":{"x":-0.4470170736312866,"y":0.38215208053588869,"z":1.7612621784210206},"rotation":{"x":0.03113655373454094,"y":0.05604056268930435,"z":0.001748503651469946,"w":-0.9979422688484192},"size":0.879302442073822,"orthographic":true}