{"cameraMode":{"drawMode":0,"name":"Shaded","section":"Shading Mode"},"sceneLighting":false,"audioPlay":false,"sceneViewState":{"showFog":true,"showMaterialUpdate":false,"showSkybox":false,"showFlares":true,"showImageEffects":true,"showParticleSystems":true},"in2DMode":false,"pivot":{"x":-0.02714906632900238,"y":-0.3684225082397461,"z":1.7271546125411988},"rotation":{"x":0.019165104255080224,"y":-0.05037223920226097,"z":-0.0009667999111115933,"w":-0.9985470771789551},"size":0.3006659150123596,"orthographic":false}