{"cameraMode":{"drawMode":0,"name":"Shaded","section":"Shading Mode"},"sceneLighting":false,"audioPlay":false,"sceneViewState":{"showFog":true,"showMaterialUpdate":false,"showSkybox":false,"showFlares":true,"showImageEffects":true,"showParticleSystems":true},"in2DMode":false,"pivot":{"x":-0.6563301086425781,"y":0.006084874272346497,"z":0.36011120676994326},"rotation":{"x":-0.2843311131000519,"y":0.0020105314906686546,"z":-0.0005964399897493422,"w":-0.9587241411209106},"size":0.1400386244058609,"orthographic":false}