{"cameraMode":{"drawMode":0,"name":"Shaded","section":"Shading Mode"},"sceneLighting":true,"audioPlay":false,"sceneViewState":{"showFog":true,"showMaterialUpdate":false,"showSkybox":true,"showFlares":true,"showImageEffects":true,"showParticleSystems":true},"in2DMode":false,"pivot":{"x":-0.0123976469039917,"y":0.14246666431427003,"z":0.5298542380332947},"rotation":{"x":-0.41777303814888,"y":0.17452502250671388,"z":-0.08212268352508545,"w":-0.8878440856933594},"size":1.1320667266845704,"orthographic":false}