{"cameraMode":{"drawMode":0,"name":"Shaded","section":"Shading Mode"},"sceneLighting":false,"audioPlay":false,"sceneViewState":{"showFog":true,"showMaterialUpdate":false,"showSkybox":false,"showFlares":true,"showImageEffects":true,"showParticleSystems":true},"in2DMode":false,"pivot":{"x":-0.07300001382827759,"y":-0.029354259371757509,"z":-0.1931397020816803},"rotation":{"x":-0.36309707164764407,"y":0.3213966190814972,"z":-0.13505548238754273,"w":-0.8640776872634888},"size":1.1320667266845704,"orthographic":false}