{"cameraMode":{"drawMode":0,"name":"Shaded","section":"Shading Mode"},"sceneLighting":false,"audioPlay":false,"sceneViewState":{"showFog":true,"showMaterialUpdate":false,"showSkybox":false,"showFlares":true,"showImageEffects":true,"showParticleSystems":true},"in2DMode":false,"pivot":{"x":-0.3934999704360962,"y":0.22361163794994355,"z":2.0805001258850099},"rotation":{"x":-0.10498323291540146,"y":0.049798838794231418,"z":-0.005263748578727245,"w":-0.9932125210762024},"size":1.488541603088379,"orthographic":false}