{"cameraMode":{"drawMode":0,"name":"Shaded","section":"Shading Mode"},"sceneLighting":true,"audioPlay":false,"sceneViewState":{"showFog":true,"showMaterialUpdate":false,"showSkybox":true,"showFlares":true,"showImageEffects":true,"showParticleSystems":true},"in2DMode":false,"pivot":{"x":-0.16639184951782227,"y":1.0092103481292725,"z":0.12159562110900879},"rotation":{"x":-0.21168950200080872,"y":0.32870858907699587,"z":-0.07585921138525009,"w":-0.917275071144104},"size":0.8399724364280701,"orthographic":false}