{"cameraMode":{"drawMode":0,"name":"Shaded","section":"Shading Mode"},"sceneLighting":false,"audioPlay":false,"sceneViewState":{"showFog":true,"showMaterialUpdate":false,"showSkybox":false,"showFlares":true,"showImageEffects":true,"showParticleSystems":true},"in2DMode":false,"pivot":{"x":0.045054249465465549,"y":4.656612873077393e-10,"z":-9.313225746154786e-10},"rotation":{"x":-0.21168950200080872,"y":0.32870858907699587,"z":-0.07585921138525009,"w":-0.917275071144104},"size":0.19138993322849275,"orthographic":false}