{"cameraMode":{"drawMode":0,"name":"Shaded","section":"Shading Mode"},"sceneLighting":false,"audioPlay":false,"sceneViewState":{"showFog":true,"showMaterialUpdate":false,"showSkybox":false,"showFlares":true,"showImageEffects":true,"showParticleSystems":true},"in2DMode":false,"pivot":{"x":0.6445280909538269,"y":0.09711730480194092,"z":0.40251970291137698},"rotation":{"x":-0.3541003465652466,"y":0.07898116111755371,"z":-0.030027104541659356,"w":-0.9313874244689941},"size":0.972174346446991,"orthographic":false}