{"cameraMode":{"drawMode":0,"name":"Shaded","section":"Shading Mode"},"sceneLighting":false,"audioPlay":false,"sceneViewState":{"showFog":true,"showMaterialUpdate":false,"showSkybox":false,"showFlares":true,"showImageEffects":true,"showParticleSystems":true},"in2DMode":false,"pivot":{"x":0.1254473775625229,"y":0.5386638641357422,"z":1.9280284643173218},"rotation":{"x":-0.10498323291540146,"y":0.049798838794231418,"z":-0.005263748578727245,"w":-0.9932125210762024},"size":0.8660253882408142,"orthographic":false}