{"cameraMode":{"drawMode":0,"name":"Shaded","section":"Shading Mode"},"sceneLighting":false,"audioPlay":false,"sceneViewState":{"showFog":true,"showMaterialUpdate":false,"showSkybox":false,"showFlares":true,"showImageEffects":true,"showParticleSystems":true},"in2DMode":false,"pivot":{"x":-0.22599998116493226,"y":-0.017000172287225724,"z":-0.47699981927871706},"rotation":{"x":-0.7326119542121887,"y":-0.011842469684779644,"z":0.012751279398798943,"w":-0.6804308891296387},"size":0.08485285192728043,"orthographic":false}