{"cameraMode":{"drawMode":0,"name":"Shaded","section":"Shading Mode"},"sceneLighting":false,"audioPlay":false,"sceneViewState":{"showFog":true,"showMaterialUpdate":false,"showSkybox":false,"showFlares":true,"showImageEffects":true,"showParticleSystems":true},"in2DMode":false,"pivot":{"x":-0.011200003325939179,"y":-0.1542113572359085,"z":-0.620710015296936},"rotation":{"x":-0.35940122604370119,"y":-0.02883152663707733,"z":0.011110164225101471,"w":-0.9326735138893127},"size":-1.6216681003570557,"orthographic":false}