{"cameraMode":{"drawMode":0,"name":"Shaded","section":"Shading Mode"},"sceneLighting":false,"audioPlay":false,"sceneViewState":{"showFog":true,"showMaterialUpdate":false,"showSkybox":false,"showFlares":true,"showImageEffects":true,"showParticleSystems":true},"in2DMode":false,"pivot":{"x":0.3743599057197571,"y":-0.0760388970375061,"z":2.283743143081665},"rotation":{"x":-0.11973977833986283,"y":-0.06785639375448227,"z":0.008204084821045399,"w":-0.9904577136039734},"size":0.9249233603477478,"orthographic":false}