{"cameraMode":{"drawMode":0,"name":"Shaded","section":"Shading Mode"},"sceneLighting":false,"audioPlay":false,"sceneViewState":{"showFog":true,"showMaterialUpdate":false,"showSkybox":false,"showFlares":true,"showImageEffects":true,"showParticleSystems":true},"in2DMode":false,"pivot":{"x":-0.16099999845027924,"y":0.23999997973442079,"z":-0.0024999992456287147},"rotation":{"x":-0.11973977833986283,"y":-0.06785639375448227,"z":0.008204084821045399,"w":-0.9904577136039734},"size":0.08518367260694504,"orthographic":false}