{"cameraMode":{"drawMode":0,"name":"Shaded","section":"Shading Mode"},"sceneLighting":true,"audioPlay":false,"sceneViewState":{"showFog":true,"showMaterialUpdate":false,"showSkybox":true,"showFlares":true,"showImageEffects":true,"showParticleSystems":true},"in2DMode":false,"pivot":{"x":-2.084341526031494,"y":-0.42744195461273196,"z":3.3581509590148927},"rotation":{"x":-0.23946231603622437,"y":-0.002334229415282607,"z":0.0005713088321499527,"w":-0.9709150791168213},"size":1.9581425189971924,"orthographic":false}