{"cameraMode":{"drawMode":0,"name":"Shaded","section":"Shading Mode"},"sceneLighting":false,"audioPlay":false,"sceneViewState":{"showFog":true,"showMaterialUpdate":false,"showSkybox":false,"showFlares":true,"showImageEffects":true,"showParticleSystems":true},"in2DMode":false,"pivot":{"x":-0.36237847805023196,"y":0.3079835772514343,"z":0.10261625051498413},"rotation":{"x":-0.0287530068308115,"y":0.06053495407104492,"z":-0.0017431073356419802,"w":-0.9977588653564453},"size":0.3851836919784546,"orthographic":false}