{"cameraMode":{"drawMode":0,"name":"Shaded","section":"Shading Mode"},"sceneLighting":false,"audioPlay":false,"sceneViewState":{"showFog":true,"showMaterialUpdate":false,"showSkybox":false,"showFlares":true,"showImageEffects":true,"showParticleSystems":true},"in2DMode":false,"pivot":{"x":1.6581393480300904,"y":0.43714582920074465,"z":2.432771921157837},"rotation":{"x":-0.269046425819397,"y":-0.6218746304512024,"z":0.2406771332025528,"w":-0.6950139999389648},"size":0.19971896708011628,"orthographic":false}