{"cameraMode":{"drawMode":0,"name":"Shaded","section":"Shading Mode"},"sceneLighting":false,"audioPlay":false,"sceneViewState":{"showFog":true,"showMaterialUpdate":false,"showSkybox":false,"showFlares":true,"showImageEffects":true,"showParticleSystems":true},"in2DMode":false,"pivot":{"x":0.019352734088897706,"y":0.09470245242118836,"z":0.03957048058509827},"rotation":{"x":0.05338791012763977,"y":0.632287323474884,"z":-0.046511780470609668,"w":0.7719292044639587},"size":0.19915613532066346,"orthographic":false}