{"cameraMode":{"drawMode":0,"name":"Shaded","section":"Shading Mode"},"sceneLighting":true,"audioPlay":false,"sceneViewState":{"showFog":true,"showMaterialUpdate":false,"showSkybox":true,"showFlares":true,"showImageEffects":true,"showParticleSystems":true},"in2DMode":false,"pivot":{"x":1.247326374053955,"y":3.399594783782959,"z":1.3600608110427857},"rotation":{"x":0.07265577465295792,"y":0.7789109945297241,"z":-0.09176775068044663,"w":0.6162078976631165},"size":4.949872970581055,"orthographic":false}