{"cameraMode":{"drawMode":0,"name":"Shaded","section":"Shading Mode"},"sceneLighting":true,"audioPlay":false,"sceneViewState":{"showFog":true,"showMaterialUpdate":false,"showSkybox":true,"showFlares":true,"showImageEffects":true,"showParticleSystems":true},"in2DMode":false,"pivot":{"x":0.9992384910583496,"y":1.5566439628601075,"z":0.2684621810913086},"rotation":{"x":-0.0093931183218956,"y":0.7514732480049133,"z":0.0073132640682160858,"w":0.6601704359054565},"size":0.32468411326408389,"orthographic":false}