{"cameraMode":{"drawMode":0,"name":"Shaded","section":"Shading Mode"},"sceneLighting":true,"audioPlay":false,"sceneViewState":{"showFog":true,"showMaterialUpdate":false,"showSkybox":true,"showFlares":true,"showImageEffects":true,"showParticleSystems":true},"in2DMode":false,"pivot":{"x":-1.375967025756836,"y":0.3706188499927521,"z":0.7181908488273621},"rotation":{"x":0.1660042107105255,"y":-0.38459429144859316,"z":0.06806422024965286,"w":0.9059139490127564},"size":0.06159353256225586,"orthographic":false}