{"cameraMode":{"drawMode":0,"name":"Shaded","section":"Shading Mode"},"sceneLighting":true,"audioPlay":false,"sceneViewState":{"showFog":true,"showMaterialUpdate":false,"showSkybox":true,"showFlares":true,"showImageEffects":true,"showParticleSystems":true},"in2DMode":false,"pivot":{"x":-0.1389809101819992,"y":1.075361728668213,"z":1.1852812767028809},"rotation":{"x":-0.03594517707824707,"y":0.17427171766757966,"z":-0.0052522048354148869,"w":-0.9843037128448486},"size":-0.6184815168380737,"orthographic":false}