{"cameraMode":{"drawMode":0,"name":"Shaded","section":"Shading Mode"},"sceneLighting":true,"audioPlay":false,"sceneViewState":{"showFog":true,"showMaterialUpdate":false,"showSkybox":true,"showFlares":true,"showImageEffects":true,"showParticleSystems":true},"in2DMode":false,"pivot":{"x":1.6010695695877076,"y":0.8000650405883789,"z":0.9878618121147156},"rotation":{"x":0.016163237392902375,"y":-0.9707068204879761,"z":0.23164145648479463,"w":0.06393646448850632},"size":1.7291126251220704,"orthographic":false}