{"cameraMode":{"drawMode":0,"name":"Shaded","section":"Shading Mode"},"sceneLighting":true,"audioPlay":false,"sceneViewState":{"showFog":true,"showMaterialUpdate":false,"showSkybox":true,"showFlares":true,"showImageEffects":true,"showParticleSystems":true},"in2DMode":false,"pivot":{"x":-1.974448323249817,"y":1.0503618717193604,"z":0.7297927141189575},"rotation":{"x":-0.26384276151657107,"y":0.4274778366088867,"z":-0.13084593415260316,"w":-0.8551987409591675},"size":0.28460878133773806,"orthographic":false}