{"cameraMode":{"drawMode":0,"name":"Shaded","section":"Shading Mode"},"sceneLighting":false,"audioPlay":false,"sceneViewState":{"showFog":true,"showMaterialUpdate":false,"showSkybox":false,"showFlares":true,"showImageEffects":true,"showParticleSystems":true},"in2DMode":false,"pivot":{"x":3.9699997901916506,"y":0.7240000367164612,"z":1.7400000095367432},"rotation":{"x":0.6448862552642822,"y":0.29891806840896609,"z":-0.3044140934944153,"w":0.6343253254890442},"size":0.29492536187171938,"orthographic":false}