{"cameraMode":{"drawMode":0,"name":"Shaded","section":"Shading Mode"},"sceneLighting":false,"audioPlay":false,"sceneViewState":{"showFog":true,"showMaterialUpdate":false,"showSkybox":false,"showFlares":true,"showImageEffects":true,"showParticleSystems":true},"in2DMode":false,"pivot":{"x":0.03517037630081177,"y":-0.16894006729125977,"z":-0.6413359642028809},"rotation":{"x":0.44280725717544558,"y":-0.09000856429338455,"z":0.042321354150772098,"w":0.8914578557014465},"size":0.6459535360336304,"orthographic":false}