{"cameraMode":{"drawMode":0,"name":"Shaded","section":"Shading Mode"},"sceneLighting":false,"audioPlay":false,"sceneViewState":{"showFog":true,"showMaterialUpdate":false,"showSkybox":false,"showFlares":true,"showImageEffects":true,"showParticleSystems":true},"in2DMode":false,"pivot":{"x":1.9223999977111817,"y":1.759939193725586,"z":-2.9828906059265138},"rotation":{"x":0.4174608886241913,"y":0.02854396589100361,"z":-0.015557565726339817,"w":0.908482551574707},"size":1.2247449159622193,"orthographic":false}