{"cameraMode":{"drawMode":0,"name":"Shaded","section":"Shading Mode"},"sceneLighting":true,"audioPlay":false,"sceneViewState":{"showFog":true,"showMaterialUpdate":false,"showSkybox":true,"showFlares":true,"showImageEffects":true,"showParticleSystems":true},"in2DMode":false,"pivot":{"x":0.4729999303817749,"y":0.5509999990463257,"z":-0.032199978828430179},"rotation":{"x":-0.3551120162010193,"y":-0.1979162096977234,"z":0.07942292839288712,"w":-0.9105173349380493},"size":2.4770052433013918,"orthographic":false}