{"cameraMode":{"drawMode":0,"name":"Shaded","section":"Shading Mode"},"sceneLighting":true,"audioPlay":false,"sceneViewState":{"showFog":true,"showMaterialUpdate":false,"showSkybox":true,"showFlares":true,"showImageEffects":true,"showParticleSystems":true},"in2DMode":false,"pivot":{"x":-0.17724621295928956,"y":1.4416652917861939,"z":0.9370644092559815},"rotation":{"x":-0.3133586347103119,"y":-0.5484674572944641,"z":0.23250694572925569,"w":-0.7396610379219055},"size":6.633139610290527,"orthographic":false}