{"cameraMode":{"drawMode":0,"name":"Shaded","section":"Shading Mode"},"sceneLighting":false,"audioPlay":false,"sceneViewState":{"showFog":true,"showMaterialUpdate":false,"showSkybox":false,"showFlares":true,"showImageEffects":true,"showParticleSystems":true},"in2DMode":false,"pivot":{"x":-0.37028956413269045,"y":-0.09338422119617462,"z":-0.21845662593841554},"rotation":{"x":0.10632648319005966,"y":-0.20521971583366395,"z":0.019855264574289323,"w":0.9730815291404724},"size":0.6156169176101685,"orthographic":false}