{"cameraMode":{"drawMode":0,"name":"Shaded","section":"Shading Mode"},"sceneLighting":true,"audioPlay":false,"sceneViewState":{"showFog":true,"showMaterialUpdate":false,"showSkybox":true,"showFlares":true,"showImageEffects":true,"showParticleSystems":true},"in2DMode":false,"pivot":{"x":0.6154999732971191,"y":1.0521883964538575,"z":0.32971465587615969},"rotation":{"x":-0.22985796630382539,"y":0.661048412322998,"z":0.22003798186779023,"w":0.6801120042800903},"size":1.5893003940582276,"orthographic":false}