{"cameraMode":{"drawMode":0,"name":"Shaded","section":"Shading Mode"},"sceneLighting":false,"audioPlay":false,"sceneViewState":{"showFog":true,"showMaterialUpdate":false,"showSkybox":false,"showFlares":true,"showImageEffects":true,"showParticleSystems":true},"in2DMode":false,"pivot":{"x":0.020191747695207597,"y":0.016345947980880739,"z":-0.1431564837694168},"rotation":{"x":-0.1110353171825409,"y":-0.1560763269662857,"z":0.01873653568327427,"w":-0.9815835356712341},"size":0.01318049430847168,"orthographic":false}