{"cameraMode":{"drawMode":0,"name":"Shaded","section":"Shading Mode"},"sceneLighting":true,"audioPlay":false,"sceneViewState":{"showFog":true,"showMaterialUpdate":false,"showSkybox":true,"showFlares":true,"showImageEffects":true,"showParticleSystems":true},"in2DMode":false,"pivot":{"x":1.0077999830245972,"y":1.3259999752044678,"z":0.0},"rotation":{"x":0.3280235826969147,"y":-0.14364950358867646,"z":0.04819214716553688,"w":0.9328211545944214},"size":0.5806313753128052,"orthographic":false}