{"cameraMode":{"drawMode":0,"name":"Shaded","section":"Shading Mode"},"sceneLighting":true,"audioPlay":false,"sceneViewState":{"showFog":true,"showMaterialUpdate":false,"showSkybox":true,"showFlares":true,"showImageEffects":true,"showParticleSystems":true},"in2DMode":false,"pivot":{"x":1.247326374053955,"y":3.399594783782959,"z":1.3600608110427857},"rotation":{"x":0.21112081408500672,"y":0.5687176585197449,"z":-0.15389569103717805,"w":0.780012309551239},"size":4.2146992683410648,"orthographic":false}