{"cameraMode":{"drawMode":0,"name":"Shaded","section":"Shading Mode"},"sceneLighting":false,"audioPlay":false,"sceneViewState":{"showFog":true,"showMaterialUpdate":false,"showSkybox":false,"showFlares":true,"showImageEffects":true,"showParticleSystems":true},"in2DMode":false,"pivot":{"x":-0.135009765625,"y":0.54376220703125,"z":0.341796875},"rotation":{"x":0.16268709301948548,"y":0.6213390231132507,"z":-0.13394638895988465,"w":0.7546824216842651},"size":1.0838361978530884,"orthographic":true}