{"cameraMode":{"drawMode":0,"name":"Shaded","section":"Shading Mode"},"sceneLighting":true,"audioPlay":false,"sceneViewState":{"showFog":true,"showMaterialUpdate":false,"showSkybox":true,"showFlares":true,"showImageEffects":true,"showParticleSystems":true},"in2DMode":false,"pivot":{"x":-4.269771099090576,"y":0.4069945812225342,"z":-0.02646040916442871},"rotation":{"x":0.02904311940073967,"y":-0.6540712714195252,"z":0.021933538839221,"w":0.756081223487854},"size":1.226740837097168,"orthographic":false}