{"cameraMode":{"drawMode":0,"name":"Shaded","section":"Shading Mode"},"sceneLighting":false,"audioPlay":false,"sceneViewState":{"showFog":true,"showMaterialUpdate":false,"showSkybox":false,"showFlares":true,"showImageEffects":true,"showParticleSystems":true},"in2DMode":false,"pivot":{"x":-1.9919986724853516,"y":2.6010797023773195,"z":1.5646408796310425},"rotation":{"x":-0.28634464740753176,"y":-0.5126147270202637,"z":0.1885472536087036,"w":-0.7876591682434082},"size":0.866025447845459,"orthographic":false}