{"cameraMode":{"drawMode":0,"name":"Shaded","section":"Shading Mode"},"sceneLighting":false,"audioPlay":false,"sceneViewState":{"showFog":true,"showMaterialUpdate":false,"showSkybox":false,"showFlares":true,"showImageEffects":true,"showParticleSystems":true},"in2DMode":false,"pivot":{"x":-0.04816114902496338,"y":-0.1369515359401703,"z":-0.1443304717540741},"rotation":{"x":0.09538573026657105,"y":0.900547981262207,"z":-0.2679707407951355,"w":0.32985830307006838},"size":0.3156169056892395,"orthographic":false}