{"cameraMode":{"drawMode":0,"name":"Shaded","section":"Shading Mode"},"sceneLighting":true,"audioPlay":false,"sceneViewState":{"showFog":true,"showMaterialUpdate":false,"showSkybox":true,"showFlares":true,"showImageEffects":true,"showParticleSystems":true},"in2DMode":false,"pivot":{"x":1.673340916633606,"y":0.5908238887786865,"z":-12.0750732421875},"rotation":{"x":0.12153073400259018,"y":0.2620585262775421,"z":-0.033186350017786029,"w":0.9568479657173157},"size":1.0471348762512208,"orthographic":false}