{"cameraMode":{"drawMode":0,"name":"Shaded","section":"Shading Mode"},"sceneLighting":false,"audioPlay":false,"sceneViewState":{"showFog":true,"showMaterialUpdate":false,"showSkybox":false,"showFlares":true,"showImageEffects":true,"showParticleSystems":true},"in2DMode":false,"pivot":{"x":-0.2750001549720764,"y":0.23600000143051148,"z":0.0},"rotation":{"x":0.206272691488266,"y":-0.11229485273361206,"z":0.02143501304090023,"w":0.9721688032150269},"size":0.051807720214128497,"orthographic":false}