{"cameraMode":{"drawMode":0,"name":"Shaded","section":"Shading Mode"},"sceneLighting":false,"audioPlay":false,"sceneViewState":{"showFog":true,"showMaterialUpdate":false,"showSkybox":false,"showFlares":true,"showImageEffects":true,"showParticleSystems":true},"in2DMode":false,"pivot":{"x":-0.679443359375,"y":0.234832763671875,"z":0.129638671875},"rotation":{"x":0.07903717458248139,"y":0.3983311951160431,"z":-0.034454796463251117,"w":0.9132305383682251},"size":0.9825599193572998,"orthographic":true}