{"cameraMode":{"drawMode":0,"name":"Shaded","section":"Shading Mode"},"sceneLighting":true,"audioPlay":false,"sceneViewState":{"showFog":true,"showMaterialUpdate":false,"showSkybox":true,"showFlares":true,"showImageEffects":true,"showParticleSystems":true},"in2DMode":false,"pivot":{"x":-3.574495315551758,"y":0.42243045568466189,"z":0.340345561504364},"rotation":{"x":0.06729177385568619,"y":-0.7416486144065857,"z":0.07288505882024765,"w":0.6640599966049194},"size":1.4628973007202149,"orthographic":false}