{"cameraMode":{"drawMode":0,"name":"Shaded","section":"Shading Mode"},"sceneLighting":true,"audioPlay":false,"sceneViewState":{"showFog":true,"showMaterialUpdate":false,"showSkybox":true,"showFlares":true,"showImageEffects":true,"showParticleSystems":true},"in2DMode":false,"pivot":{"x":-0.18324796855449677,"y":0.7248027324676514,"z":0.17646582424640656},"rotation":{"x":-0.07928649336099625,"y":-0.715623676776886,"z":0.08410856127738953,"w":-0.6892557144165039},"size":1.2184815406799317,"orthographic":false}