{"cameraMode":{"drawMode":0,"name":"Shaded","section":"Shading Mode"},"sceneLighting":false,"audioPlay":false,"sceneViewState":{"showFog":true,"showMaterialUpdate":false,"showSkybox":false,"showFlares":true,"showImageEffects":true,"showParticleSystems":true},"in2DMode":false,"pivot":{"x":0.10535746812820435,"y":0.20068247616291047,"z":-0.09940232336521149},"rotation":{"x":0.4561469554901123,"y":0.3023984730243683,"z":-0.17147137224674226,"w":0.8196215033531189},"size":0.6773656606674194,"orthographic":false}