{"cameraMode":{"drawMode":0,"name":"Shaded","section":"Shading Mode"},"sceneLighting":false,"audioPlay":false,"sceneViewState":{"showFog":true,"showMaterialUpdate":false,"showSkybox":false,"showFlares":true,"showImageEffects":true,"showParticleSystems":true},"in2DMode":false,"pivot":{"x":-0.135009765625,"y":0.54376220703125,"z":0.341796875},"rotation":{"x":-0.0028122663497924806,"y":0.950046956539154,"z":-0.31201639771461489,"w":-0.00854854378849268},"size":1.4114364385604859,"orthographic":true}