{"cameraMode":{"drawMode":0,"name":"Shaded","section":"Shading Mode"},"sceneLighting":false,"audioPlay":false,"sceneViewState":{"showFog":true,"showMaterialUpdate":false,"showSkybox":false,"showFlares":true,"showImageEffects":true,"showParticleSystems":true},"in2DMode":false,"pivot":{"x":0.03517037630081177,"y":-0.16894006729125977,"z":-0.6413359642028809},"rotation":{"x":0.19331328570842744,"y":-0.6782056093215942,"z":0.1885187029838562,"w":0.6839554905891419},"size":0.6459535360336304,"orthographic":false}